Review,Sentiment
"Great service, highly recommended",Positive
"Poor communication, wouldn't use again",Negative
"Very knowledgeable lawyer, helped me a lot",Positive
"Terrible experience, waste of money",Negative
"Prompt responses and professional, satisfied",Positive
"Exceptional legal advice, highly satisfied.",Positive
"Poor representation, disappointed with the service.",Negative
"Extremely knowledgeable attorney, helped me win my case.",Positive
"Terrible experience, would not recommend this lawyer.",Negative
"Prompt responses and professional, satisfied with the outcome.",Positive
"Unresponsive legal team, frustrating experience.",Negative
"Thorough and diligent lawyer, exceeded my expectations.",Positive
"Negligent handling of my case, very unhappy with the service.",Negative
"Expertise and professionalism unmatched, highly recommended.",Positive
"Errors in legal documents, caused unnecessary complications.",Negative
"Effective legal strategy, grateful for the assistance.",Positive
"Failed to meet deadlines, disappointed with the attorney.",Negative
"Courteous and helpful staff, made the process smoother.",Positive
"Unprofessional behavior, regret hiring this attorney.",Negative
"Resolved my legal issue swiftly, very satisfied.",Positive
"Lack of communication, felt uninformed throughout the process.",Negative
"Skilled in negotiation, successfully settled my case.",Positive
"Incompetent legal advice, wasted time and money.",Negative
"Compassionate and understanding attorney, eased my concerns.",Positive
"Confusing legal jargon, made it hard to understand the process.",Negative
"Responsive and efficient service, exceeded my expectations.",Positive
"Mistakes in legal documents, caused delays and complications.",Negative
"Highly professional representation, grateful for the support.",Positive
"Failed to keep promises, unreliable legal service.",Negative
"Knowledgeable and resourceful lawyer, highly recommended.",Positive
"Unorganized and chaotic handling of my case, very disappointed.",Negative
"Effective legal counsel, achieved a favorable outcome.",Positive
"Poor communication, left me in the dark about my case.",Negative
"Prompt resolution of legal issues, very satisfied.",Positive
"Disorganized and unprofessional, would not hire again.",Negative
"Skilled in negotiation, successfully settled my case.",Positive
"Errors in legal documents, caused unnecessary complications.",Negative
"Experienced and knowledgeable attorney, helped me navigate the process.",Positive
"Failed to meet deadlines, disappointed with the attorney.",Negative
"Courteous and helpful staff, made the process smoother.",Positive
"Unprofessional behavior, regret hiring this attorney.",Negative
"Resolved my legal issue swiftly, very satisfied.",Positive
"Lack of communication, felt uninformed throughout the process.",Negative
"Efficient and responsive legal service, highly recommended.",Positive
"Confusing legal terminology, difficult to understand.",Negative
"Professionalism and expertise, truly exceptional legal counsel.",Positive
"Inconsistent legal advice, caused confusion and frustration.",Negative
"Helpful and supportive throughout the legal process, grateful.",Positive
"Errors in legal documentation, led to complications.",Negative
"Effective legal representation, achieved a favorable outcome.",Positive
"Failed to provide updates, left me in the dark about my case.",Negative
"Knowledgeable and experienced attorney, highly recommended.",Positive
"Disorganized and unreliable, would not hire again.",Negative
"Thorough and dedicated legal counsel, exceeded my expectations.",Positive
"Inaccurate legal advice, resulted in setbacks.",Negative
"Responsive and attentive legal service, very satisfied.",Positive
"Unprofessional conduct, regret choosing this attorney.",Negative
"Expertise in legal matters, helped me immensely.",Positive
"Confusing legal procedures, difficult to navigate.",Negative
"Professionalism and dedication to the case, highly recommended.",Positive
"Lack of attention to detail, caused mistakes in my case.",Negative
"Effective resolution of legal issues, satisfied with the outcome.",Positive
"Inconsistent and unreliable, frustrating experience.",Negative
"Expert legal guidance, made a significant difference.",Positive
"Errors in legal documentation, caused unnecessary delays.",Negative
"Efficient and responsive legal assistance, highly recommended.",Positive
"Unclear legal explanations, left me confused.",Negative
"Professionalism and dedication to the case, highly recommended.",Positive
"Inaccurate legal advice, resulted in setbacks.",Negative
"Supportive and understanding attorney, eased my concerns.",Positive
"Unorganized legal process, caused unnecessary stress.",Negative
"Expertise in legal matters, helped me immensely.",Positive
"Confusing legal procedures, difficult to navigate.",Negative
"Responsive and efficient legal service, very satisfied.",Positive
"Lack of attention to detail, caused mistakes in my case.",Negative
"Effective resolution of legal issues, satisfied with the outcome.",Positive
"Inconsistent and unreliable, frustrating experience.",Negative
"Experienced and knowledgeable attorney, highly recommended.",Positive
"Errors in legal documentation, led to complications.",Negative
"Helpful and supportive throughout the legal process, grateful.",Positive
"Failed to provide updates, left me in the dark about my case.",Negative
"Knowledgeable and experienced attorney, highly recommended.",Positive
"Disorganized and unreliable, would not hire again.",Negative
"Thorough and dedicated legal counsel, exceeded my expectations.",Positive
"Inaccurate legal advice, resulted in setbacks.",Negative
"Responsive and attentive legal service, very satisfied.",Positive
"Unprofessional conduct, regret choosing this attorney.",Negative
"Expertise in legal matters, helped me immensely.",Positive
"Confusing legal procedures, difficult to navigate.",Negative
"Professionalism and dedication to the case, highly recommended.",Positive
"Lack of attention to detail, caused mistakes in my case.",Negative
"Effective resolution of legal issues, satisfied with the outcome.",Positive
"Inconsistent and unreliable, frustrating experience.",Negative